Workbook

Sheet Summary Dashboard
A1: German Credit Risk — Summary Dashboard
A2: Analysis of 1,000 loan applicants using a weighted, multi-factor credit risk scoring model.
A4: 1. Risk Category Distribution | F4: 4. Portfolio Snapshot
A5: Risk Category | B5: Count | C5: % of Total | F5: Total Applicants | G5: =COUNTA('Risk Scoring'!$A$2:$A$1001) -> 1000
A6: High Risk | B6: =COUNTIF('Risk Scoring'!$R$2:$R$1001,A6) -> 23 | C6: =B6/SUM($B$6:$B$8) -> 0.023 | F6: Average Weighted Score | G6: =AVERAGE('Risk Scoring'!$Q$2:$Q$1001) -> 55.010725
A7: Medium Risk | B7: =COUNTIF('Risk Scoring'!$R$2:$R$1001,A7) -> 854 | C7: =B7/SUM($B$6:$B$8) -> 0.854 | F7: Average Credit Amount | G7: =AVERAGE('Risk Scoring'!$H$2:$H$1001) -> 3271.258
A8: Low Risk | B8: =COUNTIF('Risk Scoring'!$R$2:$R$1001,A8) -> 123 | C8: =B8/SUM($B$6:$B$8) -> 0.123 | F8: Average Loan Duration (months) | G8: =AVERAGE('Risk Scoring'!$I$2:$I$1001) -> 20.903
A9: Total | B9: =SUM(B6:B8) -> 1000 | F9: Highest Risk Score (Safest) | G9: =MAX('Risk Scoring'!$Q$2:$Q$1001) -> 90.915625
F10: Lowest Risk Score (Riskiest) | G10: =MIN('Risk Scoring'!$Q$2:$Q$1001) -> 24.15
A12: 2. Average Profile by Risk Category
A13: Risk Category | B13: Avg Credit Amount | C13: Avg Duration (months) | D13: Avg Age
A14: High Risk | B14: =AVERAGEIF('Risk Scoring'!$R$2:$R$1001,A14,'Risk Scoring'!$H$2:$H$1001) -> 5516.4783 | C14: =AVERAGEIF('Risk Scoring'!$R$2:$R$1001,A14,'Risk Scoring'!$I$2:$I$1001) -> 10.826087 | D14: =AVERAGEIF('Risk Scoring'!$R$2:$R$1001,A14,'Risk Scoring'!$B$2:$B$1001) -> 38.695652
A15: Medium Risk | B15: =AVERAGEIF('Risk Scoring'!$R$2:$R$1001,A15,'Risk Scoring'!$H$2:$H$1001) -> 3386.911 | C15: =AVERAGEIF('Risk Scoring'!$R$2:$R$1001,A15,'Risk Scoring'!$I$2:$I$1001) -> 21.179157 | D15: =AVERAGEIF('Risk Scoring'!$R$2:$R$1001,A15,'Risk Scoring'!$B$2:$B$1001) -> 35.271663
A16: Low Risk | B16: =AVERAGEIF('Risk Scoring'!$R$2:$R$1001,A16,'Risk Scoring'!$H$2:$H$1001) -> 2048.4309 | C16: =AVERAGEIF('Risk Scoring'!$R$2:$R$1001,A16,'Risk Scoring'!$I$2:$I$1001) -> 20.869919 | D16: =AVERAGEIF('Risk Scoring'!$R$2:$R$1001,A16,'Risk Scoring'!$B$2:$B$1001) -> 36.861789
A18: 3. Top Loan Purposes
A19: Purpose | B19: Count
A20: car | B20: =COUNTIF('Risk Scoring'!$J$2:$J$1001,A20) -> 337
A21: radio/TV | B21: =COUNTIF('Risk Scoring'!$J$2:$J$1001,A21) -> 280
A22: furniture/equipment | B22: =COUNTIF('Risk Scoring'!$J$2:$J$1001,A22) -> 181
A23: business | B23: =COUNTIF('Risk Scoring'!$J$2:$J$1001,A23) -> 97
A24: education | B24: =COUNTIF('Risk Scoring'!$J$2:$J$1001,A24) -> 59
A25: repairs | B25: =COUNTIF('Risk Scoring'!$J$2:$J$1001,A25) -> 22
A26: domestic appliances | B26: =COUNTIF('Risk Scoring'!$J$2:$J$1001,A26) -> 12
A27: vacation/others | B27: =COUNTIF('Risk Scoring'!$J$2:$J$1001,A27) -> 12

Sheet Raw Data
A1: ID | B1: Age | C1: Sex | D1: Job | E1: Housing | F1: Saving accounts | G1: Checking account | H1: Credit amount | I1: Duration | J1: Purpose
A2: 1 | B2: 67 | C2: male | D2: 2 | E2: own | F2: none | G2: little | H2: 1169 | I2: 6 | J2: radio/TV
A3: 2 | B3: 22 | C3: female | D3: 2 | E3: own | F3: little | G3: moderate | H3: 5951 | I3: 48 | J3: radio/TV
A4: 3 | B4: 49 | C4: male | D4: 1 | E4: own | F4: little | G4: none | H4: 2096 | I4: 12 | J4: education
A5: 4 | B5: 45 | C5: male | D5: 2 | E5: free | F5: little | G5: little | H5: 7882 | I5: 42 | J5: furniture/equipment
A6: 5 | B6: 53 | C6: male | D6: 2 | E6: free | F6: little | G6: little | H6: 4870 | I6: 24 | J6: car
A7: 6 | B7: 35 | C7: male | D7: 1 | E7: free | F7: none | G7: none | H7: 9055 | I7: 36 | J7: education
A8: 7 | B8: 53 | C8: male | D8: 2 | E8: own | F8: quite rich | G8: none | H8: 2835 | I8: 24 | J8: furniture/equipment
A9: 8 | B9: 35 | C9: male | D9: 3 | E9: rent | F9: little | G9: moderate | H9: 6948 | I9: 36 | J9: car
A10: 9 | B10: 61 | C10: male | D10: 1 | E10: own | F10: rich | G10: none | H10: 3059 | I10: 12 | J10: radio/TV
A11: 10 | B11: 28 | C11: male | D11: 3 | E11: own | F11: little | G11: moderate | H11: 5234 | I11: 30 | J11: car
A12: 11 | B12: 25 | C12: female | D12: 2 | E12: rent | F12: little | G12: moderate | H12: 1295 | I12: 12 | J12: car
A13: 12 | B13: 24 | C13: female | D13: 2 | E13: rent | F13: little | G13: little | H13: 4308 | I13: 48 | J13: business
... A1001: 1000 | B1001: 27 | C1001: male | D1001: 2 | E1001: own | F1001: moderate | G1001: moderate | H1001: 4576 | I1001: 45 | J1001: car

Sheet Assumptions
A1: Risk Scoring Model — Assumptions & Weights
A2: Edit the blue cells below to change how the model scores risk. All formulas in the Risk Scoring sheet update automatically.
A4: Component Weights
A6: Risk Component | B6: Weight
A7: Loan Burden (Credit Amount / Duration) | B7: 0.3
A8: Savings Account Strength | B8: 0.25
A9: Checking Account Strength | B9: 0.2
A10: Job Skill Level | B10: 0.15
A11: Housing Stability | B11: 0.1
A12: Total | B12: =SUM(B7:B11) -> 1
A14: Loan Burden Normalization Cap (monthly amount treated as max risk) | B14: 400
A17: Saving Accounts — Strength Score (0=weakest, 100=strongest)
A18: Category | B18: Strength Score
A19: rich | B19: 100
A20: quite rich | B20: 75
A21: moderate | B21: 50
A22: little | B22: 25
A23: none | B23: 40
A25: Checking Account — Strength Score (0=weakest, 100=strongest)
A26: Category | B26: Strength Score
A27: rich | B27: 100
A28: moderate | B28: 60
A29: little | B29: 25
A30: none | B30: 50
A32: Job Skill Level — Strength Score
A33: Job Code | B33: Strength Score
A34: 0 | B34: 0
A35: 1 | B35: 33
A36: 2 | B36: 66
A37: 3 | B37: 100
A39: Housing — Strength Score
A40: Category | B40: Strength Score
A41: own | B41: 100
A42: free | B42: 60
A43: rent | B43: 30
A45: Risk Category Thresholds (Weighted Score)
A46: Category | B46: Score Range
A47: High Risk | B47: 0 - 33
A48: Medium Risk | B48: 34 - 66
A49: Low Risk | B49: 67 - 100

Sheet Risk Scoring
A1: ID | B1: Age | C1: Sex | D1: Job | E1: Housing | F1: Saving accounts | G1: Checking account | H1: Credit amount | I1: Duration | J1: Purpose | K1: Loan Burden | L1: Loan Burden Strength | M1: Savings Strength | N1: Checking Strength | O1: Job Strength | P1: Housing Strength | Q1: Weighted Score | R1: Risk Category
A2: ='Raw Data'!A2 -> 1 | B2: ='Raw Data'!B2 -> 67 | C2: ='Raw Data'!C2 -> male | D2: ='Raw Data'!D2 -> 2 | E2: ='Raw Data'!E2 -> own | F2: ='Raw Data'!F2 -> none | G2: ='Raw Data'!G2 -> little | H2: ='Raw Data'!H2 -> 1169 | ... J2: ='Raw Data'!J2 -> radio/TV | K2: =H2/I2 -> 194.83333 | L2: =100-MIN(K2/Assumptions!$B$14,1)*100 -> 51.291667 | M2: =VLOOKUP(F2,Assumptions!$A$19:$B$23,2,0) -> 40 | N2: =VLOOKUP(G2,Assumptions!$A$27:$B$30,2,0) -> 25 | O2: =VLOOKUP(D2,Assumptions!$A$34:$B$37,2,0) -> 66 | P2: =VLOOKUP(E2,Assumptions!$A$41:$B$43,2,0) -> 100 | Q2: =L2*Assumptions!$B$7+M2*Assumptions!$B$8+N2*Assumptions!$B$9+O2*Assumptions!$B$10+P2*Assumptions!$B$11 -> 50.2875 | R2: =IF(Q2<=33,"High Risk",IF(Q2<=66,"Medium Risk","Low Risk")) -> Medium Risk
A3: ='Raw Data'!A3 -> 2 | B3: ='Raw Data'!B3 -> 22 | C3: ='Raw Data'!C3 -> female | D3: ='Raw Data'!D3 -> 2 | E3: ='Raw Data'!E3 -> own | F3: ='Raw Data'!F3 -> little | G3: ='Raw Data'!G3 -> moderate | H3: ='Raw Data'!H3 -> 5951 | ... J3: ='Raw Data'!J3 -> radio/TV | K3: =H3/I3 -> 123.97917 | L3: =100-MIN(K3/Assumptions!$B$14,1)*100 -> 69.005208 | M3: =VLOOKUP(F3,Assumptions!$A$19:$B$23,2,0) -> 25 | N3: =VLOOKUP(G3,Assumptions!$A$27:$B$30,2,0) -> 60 | O3: =VLOOKUP(D3,Assumptions!$A$34:$B$37,2,0) -> 66 | P3: =VLOOKUP(E3,Assumptions!$A$41:$B$43,2,0) -> 100 | Q3: =L3*Assumptions!$B$7+M3*Assumptions!$B$8+N3*Assumptions!$B$9+O3*Assumptions!$B$10+P3*Assumptions!$B$11 -> 58.851562 | R3: =IF(Q3<=33,"High Risk",IF(Q3<=66,"Medium Risk","Low Risk")) -> Medium Risk
A4: ='Raw Data'!A4 -> 3 | B4: ='Raw Data'!B4 -> 49 | C4: ='Raw Data'!C4 -> male | D4: ='Raw Data'!D4 -> 1 | E4: ='Raw Data'!E4 -> own | F4: ='Raw Data'!F4 -> little | G4: ='Raw Data'!G4 -> none | H4: ='Raw Data'!H4 -> 2096 | ... J4: ='Raw Data'!J4 -> education | K4: =H4/I4 -> 174.66667 | L4: =100-MIN(K4/Assumptions!$B$14,1)*100 -> 56.333333 | M4: =VLOOKUP(F4,Assumptions!$A$19:$B$23,2,0) -> 25 | N4: =VLOOKUP(G4,Assumptions!$A$27:$B$30,2,0) -> 50 | O4: =VLOOKUP(D4,Assumptions!$A$34:$B$37,2,0) -> 33 | P4: =VLOOKUP(E4,Assumptions!$A$41:$B$43,2,0) -> 100 | Q4: =L4*Assumptions!$B$7+M4*Assumptions!$B$8+N4*Assumptions!$B$9+O4*Assumptions!$B$10+P4*Assumptions!$B$11 -> 48.1 | R4: =IF(Q4<=33,"High Risk",IF(Q4<=66,"Medium Risk","Low Risk")) -> Medium Risk
A5: ='Raw Data'!A5 -> 4 | B5: ='Raw Data'!B5 -> 45 | C5: ='Raw Data'!C5 -> male | D5: ='Raw Data'!D5 -> 2 | E5: ='Raw Data'!E5 -> free | F5: ='Raw Data'!F5 -> little | G5: ='Raw Data'!G5 -> little | H5: ='Raw Data'!H5 -> 7882 | ... J5: ='Raw Data'!J5 -> furniture/equipment | K5: =H5/I5 -> 187.66667 | L5: =100-MIN(K5/Assumptions!$B$14,1)*100 -> 53.083333 | M5: =VLOOKUP(F5,Assumptions!$A$19:$B$23,2,0) -> 25 | N5: =VLOOKUP(G5,Assumptions!$A$27:$B$30,2,0) -> 25 | O5: =VLOOKUP(D5,Assumptions!$A$34:$B$37,2,0) -> 66 | P5: =VLOOKUP(E5,Assumptions!$A$41:$B$43,2,0) -> 60 | Q5: =L5*Assumptions!$B$7+M5*Assumptions!$B$8+N5*Assumptions!$B$9+O5*Assumptions!$B$10+P5*Assumptions!$B$11 -> 43.075 | R5: =IF(Q5<=33,"High Risk",IF(Q5<=66,"Medium Risk","Low Risk")) -> Medium Risk
A6: ='Raw Data'!A6 -> 5 | B6: ='Raw Data'!B6 -> 53 | C6: ='Raw Data'!C6 -> male | D6: ='Raw Data'!D6 -> 2 | E6: ='Raw Data'!E6 -> free | F6: ='Raw Data'!F6 -> little | G6: ='Raw Data'!G6 -> little | H6: ='Raw Data'!H6 -> 4870 | ... J6: ='Raw Data'!J6 -> car | K6: =H6/I6 -> 202.91667 | L6: =100-MIN(K6/Assumptions!$B$14,1)*100 -> 49.270833 | M6: =VLOOKUP(F6,Assumptions!$A$19:$B$23,2,0) -> 25 | N6: =VLOOKUP(G6,Assumptions!$A$27:$B$30,2,0) -> 25 | O6: =VLOOKUP(D6,Assumptions!$A$34:$B$37,2,0) -> 66 | P6: =VLOOKUP(E6,Assumptions!$A$41:$B$43,2,0) -> 60 | Q6: =L6*Assumptions!$B$7+M6*Assumptions!$B$8+N6*Assumptions!$B$9+O6*Assumptions!$B$10+P6*Assumptions!$B$11 -> 41.93125 | R6: =IF(Q6<=33,"High Risk",IF(Q6<=66,"Medium Risk","Low Risk")) -> Medium Risk
A7: ='Raw Data'!A7 -> 6 | B7: ='Raw Data'!B7 -> 35 | C7: ='Raw Data'!C7 -> male | D7: ='Raw Data'!D7 -> 1 | E7: ='Raw Data'!E7 -> free | F7: ='Raw Data'!F7 -> none | G7: ='Raw Data'!G7 -> none | H7: ='Raw Data'!H7 -> 9055 | ... J7: ='Raw Data'!J7 -> education | K7: =H7/I7 -> 251.52778 | L7: =100-MIN(K7/Assumptions!$B$14,1)*100 -> 37.118056 | M7: =VLOOKUP(F7,Assumptions!$A$19:$B$23,2,0) -> 40 | N7: =VLOOKUP(G7,Assumptions!$A$27:$B$30,2,0) -> 50 | O7: =VLOOKUP(D7,Assumptions!$A$34:$B$37,2,0) -> 33 | P7: =VLOOKUP(E7,Assumptions!$A$41:$B$43,2,0) -> 60 | Q7: =L7*Assumptions!$B$7+M7*Assumptions!$B$8+N7*Assumptions!$B$9+O7*Assumptions!$B$10+P7*Assumptions!$B$11 -> 42.085417 | R7: =IF(Q7<=33,"High Risk",IF(Q7<=66,"Medium Risk","Low Risk")) -> Medium Risk
A8: ='Raw Data'!A8 -> 7 | B8: ='Raw Data'!B8 -> 53 | C8: ='Raw Data'!C8 -> male | D8: ='Raw Data'!D8 -> 2 | E8: ='Raw Data'!E8 -> own | F8: ='Raw Data'!F8 -> quite rich | G8: ='Raw Data'!G8 -> none | H8: ='Raw Data'!H8 -> 2835 | ... J8: ='Raw Data'!J8 -> furniture/equipment | K8: =H8/I8 -> 118.125 | L8: =100-MIN(K8/Assumptions!$B$14,1)*100 -> 70.46875 | M8: =VLOOKUP(F8,Assumptions!$A$19:$B$23,2,0) -> 75 | N8: =VLOOKUP(G8,Assumptions!$A$27:$B$30,2,0) -> 50 | O8: =VLOOKUP(D8,Assumptions!$A$34:$B$37,2,0) -> 66 | P8: =VLOOKUP(E8,Assumptions!$A$41:$B$43,2,0) -> 100 | Q8: =L8*Assumptions!$B$7+M8*Assumptions!$B$8+N8*Assumptions!$B$9+O8*Assumptions!$B$10+P8*Assumptions!$B$11 -> 69.790625 | R8: =IF(Q8<=33,"High Risk",IF(Q8<=66,"Medium Risk","Low Risk")) -> Low Risk
A9: ='Raw Data'!A9 -> 8 | B9: ='Raw Data'!B9 -> 35 | C9: ='Raw Data'!C9 -> male | D9: ='Raw Data'!D9 -> 3 | E9: ='Raw Data'!E9 -> rent | F9: ='Raw Data'!F9 -> little | G9: ='Raw Data'!G9 -> moderate | H9: ='Raw Data'!H9 -> 6948 | ... J9: ='Raw Data'!J9 -> car | K9: =H9/I9 -> 193 | L9: =100-MIN(K9/Assumptions!$B$14,1)*100 -> 51.75 | M9: =VLOOKUP(F9,Assumptions!$A$19:$B$23,2,0) -> 25 | N9: =VLOOKUP(G9,Assumptions!$A$27:$B$30,2,0) -> 60 | O9: =VLOOKUP(D9,Assumptions!$A$34:$B$37,2,0) -> 100 | P9: =VLOOKUP(E9,Assumptions!$A$41:$B$43,2,0) -> 30 | Q9: =L9*Assumptions!$B$7+M9*Assumptions!$B$8+N9*Assumptions!$B$9+O9*Assumptions!$B$10+P9*Assumptions!$B$11 -> 51.775 | R9: =IF(Q9<=33,"High Risk",IF(Q9<=66,"Medium Risk","Low Risk")) -> Medium Risk
A10: ='Raw Data'!A10 -> 9 | B10: ='Raw Data'!B10 -> 61 | C10: ='Raw Data'!C10 -> male | D10: ='Raw Data'!D10 -> 1 | E10: ='Raw Data'!E10 -> own | F10: ='Raw Data'!F10 -> rich | G10: ='Raw Data'!G10 -> none | H10: ='Raw Data'!H10 -> 3059 | ... J10: ='Raw Data'!J10 -> radio/TV | K10: =H10/I10 -> 254.91667 | L10: =100-MIN(K10/Assumptions!$B$14,1)*100 -> 36.270833 | M10: =VLOOKUP(F10,Assumptions!$A$19:$B$23,2,0) -> 100 | N10: =VLOOKUP(G10,Assumptions!$A$27:$B$30,2,0) -> 50 | O10: =VLOOKUP(D10,Assumptions!$A$34:$B$37,2,0) -> 33 | P10: =VLOOKUP(E10,Assumptions!$A$41:$B$43,2,0) -> 100 | Q10: =L10*Assumptions!$B$7+M10*Assumptions!$B$8+N10*Assumptions!$B$9+O10*Assumptions!$B$10+P10*Assumptions!$B$11 -> 60.83125 | R10: =IF(Q10<=33,"High Risk",IF(Q10<=66,"Medium Risk","Low Risk")) -> Medium Risk
A11: ='Raw Data'!A11 -> 10 | B11: ='Raw Data'!B11 -> 28 | C11: ='Raw Data'!C11 -> male | D11: ='Raw Data'!D11 -> 3 | E11: ='Raw Data'!E11 -> own | F11: ='Raw Data'!F11 -> little | G11: ='Raw Data'!G11 -> moderate | H11: ='Raw Data'!H11 -> 5234 | ... J11: ='Raw Data'!J11 -> car | K11: =H11/I11 -> 174.46667 | L11: =100-MIN(K11/Assumptions!$B$14,1)*100 -> 56.383333 | M11: =VLOOKUP(F11,Assumptions!$A$19:$B$23,2,0) -> 25 | N11: =VLOOKUP(G11,Assumptions!$A$27:$B$30,2,0) -> 60 | O11: =VLOOKUP(D11,Assumptions!$A$34:$B$37,2,0) -> 100 | P11: =VLOOKUP(E11,Assumptions!$A$41:$B$43,2,0) -> 100 | Q11: =L11*Assumptions!$B$7+M11*Assumptions!$B$8+N11*Assumptions!$B$9+O11*Assumptions!$B$10+P11*Assumptions!$B$11 -> 60.165 | R11: =IF(Q11<=33,"High Risk",IF(Q11<=66,"Medium Risk","Low Risk")) -> Medium Risk
A12: ='Raw Data'!A12 -> 11 | B12: ='Raw Data'!B12 -> 25 | C12: ='Raw Data'!C12 -> female | D12: ='Raw Data'!D12 -> 2 | E12: ='Raw Data'!E12 -> rent | F12: ='Raw Data'!F12 -> little | G12: ='Raw Data'!G12 -> moderate | H12: ='Raw Data'!H12 -> 1295 | ... J12: ='Raw Data'!J12 -> car | K12: =H12/I12 -> 107.91667 | L12: =100-MIN(K12/Assumptions!$B$14,1)*100 -> 73.020833 | M12: =VLOOKUP(F12,Assumptions!$A$19:$B$23,2,0) -> 25 | N12: =VLOOKUP(G12,Assumptions!$A$27:$B$30,2,0) -> 60 | O12: =VLOOKUP(D12,Assumptions!$A$34:$B$37,2,0) -> 66 | P12: =VLOOKUP(E12,Assumptions!$A$41:$B$43,2,0) -> 30 | Q12: =L12*Assumptions!$B$7+M12*Assumptions!$B$8+N12*Assumptions!$B$9+O12*Assumptions!$B$10+P12*Assumptions!$B$11 -> 53.05625 | R12: =IF(Q12<=33,"High Risk",IF(Q12<=66,"Medium Risk","Low Risk")) -> Medium Risk
A13: ='Raw Data'!A13 -> 12 | B13: ='Raw Data'!B13 -> 24 | C13: ='Raw Data'!C13 -> female | D13: ='Raw Data'!D13 -> 2 | E13: ='Raw Data'!E13 -> rent | F13: ='Raw Data'!F13 -> little | G13: ='Raw Data'!G13 -> little | H13: ='Raw Data'!H13 -> 4308 | ... J13: ='Raw Data'!J13 -> business | K13: =H13/I13 -> 89.75 | L13: =100-MIN(K13/Assumptions!$B$14,1)*100 -> 77.5625 | M13: =VLOOKUP(F13,Assumptions!$A$19:$B$23,2,0) -> 25 | N13: =VLOOKUP(G13,Assumptions!$A$27:$B$30,2,0) -> 25 | O13: =VLOOKUP(D13,Assumptions!$A$34:$B$37,2,0) -> 66 | P13: =VLOOKUP(E13,Assumptions!$A$41:$B$43,2,0) -> 30 | Q13: =L13*Assumptions!$B$7+M13*Assumptions!$B$8+N13*Assumptions!$B$9+O13*Assumptions!$B$10+P13*Assumptions!$B$11 -> 47.41875 | R13: =IF(Q13<=33,"High Risk",IF(Q13<=66,"Medium Risk","Low Risk")) -> Medium Risk
... A1001: ='Raw Data'!A1001 -> 1000 | B1001: ='Raw Data'!B1001 -> 27 | C1001: ='Raw Data'!C1001 -> male | D1001: ='Raw Data'!D1001 -> 2 | E1001: ='Raw Data'!E1001 -> own | F1001: ='Raw Data'!F1001 -> moderate | G1001: ='Raw Data'!G1001 -> moderate | H1001: ='Raw Data'!H1001 -> 4576 | ... J1001: ='Raw Data'!J1001 -> car | K1001: =H1001/I1001 -> 101.68889 | L1001: =100-MIN(K1001/Assumptions!$B$14,1)*100 -> 74.577778 | M1001: =VLOOKUP(F1001,Assumptions!$A$19:$B$23,2,0) -> 50 | N1001: =VLOOKUP(G1001,Assumptions!$A$27:$B$30,2,0) -> 60 | O1001: =VLOOKUP(D1001,Assumptions!$A$34:$B$37,2,0) -> 66 | P1001: =VLOOKUP(E1001,Assumptions!$A$41:$B$43,2,0) -> 100 | Q1001: =L1001*Assumptions!$B$7+M1001*Assumptions!$B$8+N1001*Assumptions!$B$9+O1001*Assumptions!$B$10+P1001*Assumptions!$B$11 -> 66.773333 | R1001: =IF(Q1001<=33,"High Risk",IF(Q1001<=66,"Medium Risk","Low Risk")) -> Low Risk
